{
    "loss": 14.105840682983398,
    "accuracy": 0.7254902124404907
}