{
    "loss": 2.346938133239746,
    "accuracy": 0.8235294222831726
}