{
    "loss": 1.5739763975143433,
    "accuracy": 0.813725471496582
}